"";"X";"SG_UF_MUN";"CO_MUN_GEO";"NO_MUN";"CO_UF"
"1";4786;"SP";3415806;"FLORA RICA";41
"2";4787;"SP";3415905;"FLOREAL";41
"3";4788;"SP";3408900;"CAIABU";41
"4";4789;"SP";3415707;"FERRAZ DE VASCONCELOS";41
"5";4790;"SP";3408801;"CAFELANDIA";41
"6";4791;"SP";3416309;"FRANCISCO MORATO";41
"7";4792;"SP";3415657;"FERNAO";41
"8";4793;"SP";3408702;"CACONDE";41
"9";4794;"SP";3411102;"CATANDUVA";41
"10";4795;"SP";3416002;"FLORIDA PAULISTA";41
"11";4796;"SP";3416101;"FLORINIA";41
"12";4797;"SP";3416200;"FRANCA";41
"13";4798;"SP";3411201;"CATIGUA";41
"14";4799;"SP";3409304;"CAJOBI";41
"15";4800;"SP";3415608;"FERNANDO PRESTES";41
"16";4801;"SP";3411003;"CASTILHO";41
"17";4802;"SP";3409254;"CAJATI";41
"18";4803;"SP";3412506;"COROADOS";41
"19";4804;"SP";3409007;"CAIEIRAS";41
"20";4805;"SP";3409106;"CAIUA";41
"21";4806;"SP";3412407;"CORDEIROPOLIS";41
"22";4807;"SP";3410302;"CAPELA DO ALTO";41
"23";4808;"SP";3410401;"CAPIVARI";41
"24";4809;"SP";3409403;"CAJURU";41
"25";4810;"SP";3409205;"CAJAMAR";41
"26";4811;"SP";3410708;"CARDOSO";41
"27";4812;"SP";3410807;"CASA BRANCA";41
"28";4813;"SP";3410906;"CASSIA DOS COQUEIROS";41
"29";4814;"SP";3408603;"CACHOEIRA PAULISTA";41
"30";4815;"SP";3409809;"CAMPOS NOVOS PAULISTA";41
"31";4816;"SP";3409908;"CANANEIA";41
"32";4817;"SP";3412605;"CORONEL MACEDO";41
"33";4818;"SP";3412704;"CORUMBATAI";41
"34";4819;"SP";3412803;"COSMOPOLIS";41
"35";4820;"SP";3412902;"COSMORAMA";41
"36";4821;"SP";3413009;"COTIA";41
"37";4822;"SP";3413108;"CRAVINHOS";41
"38";4823;"SP";3413207;"CRISTAIS PAULISTA";41
"39";4824;"SP";3409452;"CAMPINA DO MONTE ALEGRE";41
"40";4825;"SP";3409502;"CAMPINAS";41
"41";4826;"SP";3409601;"CAMPO LIMPO PAULISTA";41
"42";4827;"SP";3409700;"CAMPOS DO JORDAO";41
"43";4828;"SP";3422406;"ITAPEVA";41
"44";4829;"SP";3422505;"ITAPEVI";41
"45";4830;"SP";3422604;"ITAPIRA";41
"46";4831;"SP";3422653;"ITAPIRAPUA PAULISTA";41
"47";4832;"SP";3411300;"CEDRAL";41
"48";4833;"SP";3411409;"CERQUEIRA CESAR";41
"49";4834;"SP";3410203;"CAPAO BONITO";41
"50";4835;"SP";3457006;"VOTORANTIM";41
"51";4836;"SP";3410500;"CARAGUATATUBA";41
"52";4837;"SP";3410609;"CARAPICUIBA";41
"53";4838;"SP";3457204;"CHAVANTES";41
"54";4839;"SP";3457303;"ESTIVA GERBI";41
"55";4840;"SP";3422307;"ITAPETININGA";41
"56";4841;"SP";3412308;"CONCHAS";41
"57";4842;"SP";3441703;"QUATA";41
"58";4843;"SP";3441802;"QUEIROZ";41
"59";4844;"SP";3441901;"QUELUZ";41
"60";4845;"SP";3442008;"QUINTANA";41
"61";4846;"SP";3442107;"RAFARD";41
"62";4847;"SP";3442206;"RANCHARIA";41
"63";4848;"SP";3442305;"REDENCAO DA SERRA";41
"64";4849;"SP";3442404;"REGENTE FEIJO";41
"65";4850;"SP";3442503;"REGINOPOLIS";41
"66";4851;"SP";3416408;"FRANCO DA ROCHA";41
"67";4852;"SP";3416507;"GABRIEL MONTEIRO";41
"68";4853;"SP";3416606;"GALIA";41
"69";4854;"SP";3416705;"GARCA";41
"70";4855;"SP";3416804;"GASTAO VIDIGAL";41
"71";4856;"SP";3416853;"GAVIAO PEIXOTO";41
"72";4857;"SP";3409957;"CANAS";41
"73";4858;"SP";3410005;"CANDIDO MOTA";41
"74";4859;"SP";3410104;"CANDIDO RODRIGUES";41
"75";4860;"SP";3410153;"CANITAR";41
"76";4861;"SP";3446702;"SANTA GERTRUDES";41
"77";4862;"SP";3446801;"SANTA ISABEL";41
"78";4863;"SP";3457105;"VOTUPORANGA";41
"79";4864;"SP";3457154;"ZACARIAS";41
"80";4865;"SP";3414601;"DUMONT";41
"81";4866;"SP";3414700;"ECHAPORA";41
"82";4867;"SP";3414809;"ELDORADO";41
"83";4868;"SP";3414908;"ELIAS FAUSTO";41
"84";4869;"SP";3414924;"ELISIARIO";41
"85";4870;"SP";3414957;"EMBAUBA";41
"86";4871;"SP";3415004;"EMBU";41
"87";4872;"SP";3415103;"EMBU-GUACU";41
"88";4873;"SP";3415129;"EMILIANOPOLIS";41
"89";4874;"SP";3415152;"ENGENHEIRO COELHO";41
"90";4875;"SP";3415186;"ESPIRITO SANTO DO PINHAL";41
"91";4876;"SP";3411706;"CHARQUEADA";41
"92";4877;"SP";3411904;"CLEMENTINA";41
"93";4878;"SP";3412001;"COLINA";41
"94";4879;"SP";3412100;"COLOMBIA";41
"95";4880;"SP";3412209;"CONCHAL";41
"96";4881;"SP";3415509;"FERNANDOPOLIS";41
"97";4882;"SP";3455307;"TURMALINA";41
"98";4883;"SP";3455356;"UBARANA";41
"99";4884;"SP";3455406;"UBATUBA";41
"100";4885;"SP";3455505;"UBIRAJARA";41
"101";4886;"SP";3455604;"UCHOA";41
"102";4887;"SP";3455703;"UNIAO PAULISTA";41
"103";4888;"SP";3455802;"URANIA";41
"104";4889;"SP";3455901;"URU";41
"105";4890;"SP";3456008;"URUPES";41
"106";4891;"SP";3456107;"VALENTIM GENTIL";41
"107";4892;"SP";3456206;"VALINHOS";41
"108";4893;"SP";3456305;"VALPARAISO";41
"109";4894;"SP";3456354;"VARGEM";41
"110";4895;"SP";3456404;"VARGEM GRANDE DO SUL";41
"111";4896;"SP";3456453;"VARGEM GRANDE PAULISTA";41
"112";4897;"SP";3456503;"VARZEA PAULISTA";41
"113";4898;"SP";3456602;"VERA CRUZ";41
"114";4899;"SP";3456701;"VINHEDO";41
"115";4900;"SP";3456800;"VIRADOURO";41
"116";4901;"SP";3456909;"VISTA ALEGRE DO ALTO";41
"117";4902;"SP";3456958;"VITORIA BRASIL";41
"118";4903;"SP";3421804;"ITAI";41
"119";4904;"SP";3421903;"ITAJOBI";41
"120";4905;"SP";3422000;"ITAJU";41
"121";4906;"SP";3422109;"ITANHAEM";41
"122";4907;"SP";3422158;"ITAOCA";41
"123";4908;"SP";3422208;"ITAPECERICA DA SERRA";41
"124";4909;"SP";3446900;"SANTA LUCIA";41
"125";4910;"SP";3447007;"SANTA MARIA DA SERRA";41
"126";4911;"SP";3447106;"SANTA MERCEDES";41
"127";4912;"SP";3400105;"ADAMANTINA";41
"128";4913;"SP";3422703;"ITAPOLIS";41
"129";4914;"SP";3422802;"ITAPORANGA";41
"130";4915;"SP";3411508;"CERQUILHO";41
"131";4916;"SP";3415194;"ESPIRITO SANTO DO TURVO";41
"132";4917;"SP";3415202;"ESTRELA D'OESTE";41
"133";4918;"SP";3415301;"ESTRELA DO NORTE";41
"134";4919;"SP";3415350;"EUCLIDES DA CUNHA PAULISTA";41
"135";4920;"SP";3415400;"FARTURA";41
"136";4921;"SP";3408504;"CACAPAVA";41
"137";4922;"SP";3423602;"ITIRAPINA";41
"138";4923;"SP";3423701;"ITIRAPUA";41
"139";4924;"SP";3423800;"ITOBI";41
"140";4925;"SP";3423909;"ITU";41
"141";4926;"SP";3424006;"ITUPEVA";41
"142";4927;"SP";3424105;"ITUVERAVA";41
"143";4928;"SP";3424204;"JABORANDI";41
"144";4929;"SP";3424303;"JABOTICABAL";41
"145";4930;"SP";3424402;"JACAREI";41
"146";4931;"SP";3424501;"JACI";41
"147";4932;"SP";3413306;"CRUZALIA";41
"148";4933;"SP";3413405;"CRUZEIRO";41
"149";4934;"SP";3413504;"CUBATAO";41
"150";4935;"SP";3413603;"CUNHA";41
"151";4936;"SP";3413702;"DESCALVADO";41
"152";4937;"SP";3413801;"DIADEMA";41
"153";4938;"SP";3413850;"DIRCE REIS";41
"154";4939;"SP";3413900;"DIVINOLANDIA";41
"155";4940;"SP";3414007;"DOBRADA";41
"156";4941;"SP";3414106;"DOIS CORREGOS";41
"157";4942;"SP";3414205;"DOLCINOPOLIS";41
"158";4943;"SP";3414304;"DOURADO";41
"159";4944;"SP";3414403;"DRACENA";41
"160";4945;"SP";3414502;"DUARTINA";41
"161";4946;"SP";3440408;"POPULINA";41
"162";4947;"SP";3440507;"PORANGABA";41
"163";4948;"SP";3440606;"PORTO FELIZ";41
"164";4949;"SP";3440705;"PORTO FERREIRA";41
"165";4950;"SP";3440754;"POTIM";41
"166";4951;"SP";3440804;"POTIRENDABA";41
"167";4952;"SP";3440853;"PRACINHA";41
"168";4953;"SP";3440903;"PRADOPOLIS";41
"169";4954;"SP";3441000;"PRAIA GRANDE";41
"170";4955;"SP";3441059;"PRATANIA";41
"171";4956;"SP";3411607;"CESARIO LANGE";41
"172";4957;"SP";3423107;"ITAQUAQUECETUBA";41
"173";4958;"SP";3423206;"ITARARE";41
"174";4959;"SP";3423305;"ITARIRI";41
"175";4960;"SP";3423404;"ITATIBA";41
"176";4961;"SP";3423503;"ITATINGA";41
"177";4962;"SP";3441653;"QUADRA";41
"178";4963;"SP";3444905;"SALES OLIVEIRA";41
"179";4964;"SP";3445001;"SALESOPOLIS";41
"180";4965;"SP";3445100;"SALMOURAO";41
"181";4966;"SP";3445159;"SALTINHO";41
"182";4967;"SP";3445209;"SALTO";41
"183";4968;"SP";3445308;"SALTO DE PIRAPORA";41
"184";4969;"SP";3445407;"SALTO GRANDE";41
"185";4970;"SP";3445506;"SANDOVALINA";41
"186";4971;"SP";3445605;"SANTA ADELIA";41
"187";4972;"SP";3445704;"SANTA ALBERTINA";41
"188";4973;"SP";3445803;"SANTA BARBARA D'OESTE";41
"189";4974;"SP";3446009;"SANTA BRANCA";41
"190";4975;"SP";3446108;"SANTA CLARA D'OESTE";41
"191";4976;"SP";3446207;"SANTA CRUZ DA CONCEICAO";41
"192";4977;"SP";3446256;"SANTA CRUZ DA ESPERANCA";41
"193";4978;"SP";3446306;"SANTA CRUZ DAS PALMEIRAS";41
"194";4979;"SP";3446405;"SANTA CRUZ DO RIO PARDO";41
"195";4980;"SP";3446504;"SANTA ERNESTINA";41
"196";4981;"SP";3446603;"SANTA FE DO SUL";41
"197";4982;"SP";3453658;"TAQUARAL";41
"198";4983;"SP";3453708;"TAQUARITINGA";41
"199";4984;"SP";3453807;"TAQUARITUBA";41
"200";4985;"SP";3453856;"TAQUARIVAI";41
"201";4986;"SP";3453906;"TARABAI";41
"202";4987;"SP";3453955;"TARUMA";41
"203";4988;"SP";3454003;"TATUI";41
"204";4989;"SP";3454102;"TAUBATE";41
"205";4990;"SP";3454201;"TEJUPA";41
"206";4991;"SP";3454300;"TEODORO SAMPAIO";41
"207";4992;"SP";3454409;"TERRA ROXA";41
"208";4993;"SP";3454508;"TIETE";41
"209";4994;"SP";3454607;"TIMBURI";41
"210";4995;"SP";3454656;"TORRE DE PEDRA";41
"211";4996;"SP";3441109;"PRESIDENTE ALVES";41
"212";4997;"SP";3441208;"PRESIDENTE BERNARDES";41
"213";4998;"SP";3441307;"PRESIDENTE EPITACIO";41
"214";4999;"SP";3441406;"PRESIDENTE PRUDENTE";41
"215";5000;"SP";3441505;"PRESIDENTE VENCESLAU";41
"216";5001;"SP";3441604;"PROMISSAO";41
"217";5002;"SP";3408405;"CABREUVA";41
"218";5003;"SP";3455208;"TURIUBA";41
"219";5004;"SP";3420103;"IGARAPAVA";41
"220";5005;"SP";3420202;"IGARATA";41
"221";5006;"SP";3420301;"IGUAPE";41
"222";5007;"SP";3420400;"ILHABELA";41
"223";5008;"SP";3420426;"ILHA COMPRIDA";41
"224";5009;"SP";3420442;"ILHA SOLTEIRA";41
"225";5010;"SP";3420509;"INDAIATUBA";41
"226";5011;"SP";3420608;"INDIANA";41
"227";5012;"SP";3420707;"INDIAPORA";41
"228";5013;"SP";3420806;"INUBIA PAULISTA";41
"229";5014;"SP";3420905;"IPAUSSU";41
"230";5015;"SP";3421002;"IPERO";41
"231";5016;"SP";3421101;"IPEUNA";41
"232";5017;"SP";3421150;"IPIGUA";41
"233";5018;"SP";3421200;"IPORANGA";41
"234";5019;"SP";3421309;"IPUA";41
"235";5020;"SP";3421408;"IRACEMAPOLIS";41
"236";5021;"SP";3421507;"IRAPUA";41
"237";5022;"SP";3421606;"IRAPURU";41
"238";5023;"SP";3421705;"ITABERA";41
"239";5024;"SP";3432843;"NOVA CANAA PAULISTA";41
"240";5025;"SP";3432868;"NOVA CASTILHO";41
"241";5026;"SP";3432900;"NOVA EUROPA";41
"242";5027;"SP";3433007;"NOVA GRANADA";41
"243";5028;"SP";3433106;"NOVA GUATAPORANGA";41
"244";5029;"SP";3433205;"NOVA INDEPENDENCIA";41
"245";5030;"SP";3433254;"NOVAIS";41
"246";5031;"SP";3433304;"NOVA LUZITANIA";41
"247";5032;"SP";3433403;"NOVA ODESSA";41
"248";5033;"SP";3433502;"NOVO HORIZONTE";41
"249";5034;"SP";3400204;"ADOLFO";41
"250";5035;"SP";3400303;"AGUAI";41
"251";5036;"SP";3422901;"ITAPUI";41
"252";5037;"SP";3423008;"ITAPURA";41
"253";5038;"SP";3437404;"PEREIRA BARRETO";41
"254";5039;"SP";3437503;"PEREIRAS";41
"255";5040;"SP";3437602;"PERUIBE";41
"256";5041;"SP";3437701;"PIACATU";41
"257";5042;"SP";3437800;"PIEDADE";41
"258";5043;"SP";3437909;"PILAR DO SUL";41
"259";5044;"SP";3438006;"PINDAMONHANGABA";41
"260";5045;"SP";3438105;"PINDORAMA";41
"261";5046;"SP";3438204;"PINHALZINHO";41
"262";5047;"SP";3438303;"PIQUEROBI";41
"263";5048;"SP";3438501;"PIQUETE";41
"264";5049;"SP";3438600;"PIRACAIA";41
"265";5050;"SP";3438709;"PIRACICABA";41
"266";5051;"SP";3438808;"PIRAJU";41
"267";5052;"SP";3438907;"PIRAJUI";41
"268";5053;"SP";3424600;"JACUPIRANGA";41
"269";5054;"SP";3424709;"JAGUARIUNA";41
"270";5055;"SP";3424808;"JALES";41
"271";5056;"SP";3424907;"JAMBEIRO";41
"272";5057;"SP";3425003;"JANDIRA";41
"273";5058;"SP";3442602;"REGISTRO";41
"274";5059;"SP";3442701;"RESTINGA";41
"275";5060;"SP";3442800;"RIBEIRA";41
"276";5061;"SP";3442909;"RIBEIRAO BONITO";41
"277";5062;"SP";3443006;"RIBEIRAO BRANCO";41
"278";5063;"SP";3443105;"RIBEIRAO CORRENTE";41
"279";5064;"SP";3443204;"RIBEIRAO DO SUL";41
"280";5065;"SP";3443238;"RIBEIRAO DOS INDIOS";41
"281";5066;"SP";3443253;"RIBEIRAO GRANDE";41
"282";5067;"SP";3443303;"RIBEIRAO PIRES";41
"283";5068;"SP";3443402;"RIBEIRAO PRETO";41
"284";5069;"SP";3443501;"RIVERSUL";41
"285";5070;"SP";3443600;"RIFAINA";41
"286";5071;"SP";3443709;"RINCAO";41
"287";5072;"SP";3443808;"RINOPOLIS";41
"288";5073;"SP";3443907;"RIO CLARO";41
"289";5074;"SP";3444004;"RIO DAS PEDRAS";41
"290";5075;"SP";3444103;"RIO GRANDE DA SERRA";41
"291";5076;"SP";3444202;"RIOLANDIA";41
"292";5077;"SP";3444251;"ROSANA";41
"293";5078;"SP";3444301;"ROSEIRA";41
"294";5079;"SP";3444400;"RUBIACEA";41
"295";5080;"SP";3444509;"RUBINEIA";41
"296";5081;"SP";3444608;"SABINO";41
"297";5082;"SP";3444707;"SAGRES";41
"298";5083;"SP";3444806;"SALES";41
"299";5084;"SP";3451900;"SEVERINIA";41
"300";5085;"SP";3452007;"SILVEIRAS";41
"301";5086;"SP";3452106;"SOCORRO";41
"302";5087;"SP";3452205;"SOROCABA";41
"303";5088;"SP";3452304;"SUD MENNUCCI";41
"304";5089;"SP";3452403;"SUMARE";41
"305";5090;"SP";3452502;"SUZANO";41
"306";5091;"SP";3452551;"SUZANAPOLIS";41
"307";5092;"SP";3452601;"TABAPUA";41
"308";5093;"SP";3452700;"TABATINGA";41
"309";5094;"SP";3452809;"TABOAO DA SERRA";41
"310";5095;"SP";3452908;"TACIBA";41
"311";5096;"SP";3453005;"TAGUAI";41
"312";5097;"SP";3453104;"TAIACU";41
"313";5098;"SP";3453203;"TAIUVA";41
"314";5099;"SP";3453302;"TAMBAU";41
"315";5100;"SP";3453401;"TANABI";41
"316";5101;"SP";3453500;"TAPIRAI";41
"317";5102;"SP";3453609;"TAPIRATIBA";41
"318";5103;"SP";3417000;"GETULINA";41
"319";5104;"SP";3417109;"GLICERIO";41
"320";5105;"SP";3417208;"GUAICARA";41
"321";5106;"SP";3417307;"GUAIMBE";41
"322";5107;"SP";3417406;"GUAIRA";41
"323";5108;"SP";3417505;"GUAPIACU";41
"324";5109;"SP";3417604;"GUAPIARA";41
"325";5110;"SP";3417703;"GUARA";41
"326";5111;"SP";3417802;"GUARACAI";41
"327";5112;"SP";3417901;"GUARACI";41
"328";5113;"SP";3418008;"GUARANI D'OESTE";41
"329";5114;"SP";3418107;"GUARANTA";41
"330";5115;"SP";3418206;"GUARARAPES";41
"331";5116;"SP";3418305;"GUARAREMA";41
"332";5117;"SP";3454706;"TORRINHA";41
"333";5118;"SP";3454755;"TRABIJU";41
"334";5119;"SP";3454805;"TREMEMBE";41
"335";5120;"SP";3454904;"TRES FRONTEIRAS";41
"336";5121;"SP";3454953;"TUIUTI";41
"337";5122;"SP";3455000;"TUPA";41
"338";5123;"SP";3455109;"TUPI PAULISTA";41
"339";5124;"SP";3419006;"HERCULANDIA";41
"340";5125;"SP";3419055;"HOLAMBRA";41
"341";5126;"SP";3419071;"HORTOLANDIA";41
"342";5127;"SP";3419105;"IACANGA";41
"343";5128;"SP";3419204;"IACRI";41
"344";5129;"SP";3419253;"IARAS";41
"345";5130;"SP";3419303;"IBATE";41
"346";5131;"SP";3419402;"IBIRA";41
"347";5132;"SP";3419501;"IBIRAREMA";41
"348";5133;"SP";3419600;"IBITINGA";41
"349";5134;"SP";3419709;"IBIUNA";41
"350";5135;"SP";3419808;"ICEM";41
"351";5136;"SP";3419907;"IEPE";41
"352";5137;"SP";3420004;"IGARACU DO TIETE";41
"353";5138;"SP";3432306;"NATIVIDADE DA SERRA";41
"354";5139;"SP";3439509;"PITANGUEIRAS";41
"355";5140;"SP";3432405;"NAZARE PAULISTA";41
"356";5141;"SP";3432504;"NEVES PAULISTA";41
"357";5142;"SP";3432603;"NHANDEARA";41
"358";5143;"SP";3432702;"NIPOA";41
"359";5144;"SP";3432801;"NOVA ALIANCA";41
"360";5145;"SP";3432827;"NOVA CAMPINA";41
"361";5146;"SP";3440200;"PONTAL";41
"362";5147;"SP";3440259;"PONTALINDA";41
"363";5148;"SP";3440309;"PONTES GESTAL";41
"364";5149;"SP";3403158;"ARAPEI";41
"365";5150;"SP";3403208;"ARARAQUARA";41
"366";5151;"SP";3403307;"ARARAS";41
"367";5152;"SP";3450605;"SAO ROQUE";41
"368";5153;"SP";3450704;"SAO SEBASTIAO";41
"369";5154;"SP";3450803;"SAO SEBASTIAO DA GRAMA";41
"370";5155;"SP";3450902;"SAO SIMAO";41
"371";5156;"SP";3447205;"SANTANA DA PONTE PENSA";41
"372";5157;"SP";3447304;"SANTANA DE PARNAIBA";41
"373";5158;"SP";3400402;"AGUAS DA PRATA";41
"374";5159;"SP";3400501;"AGUAS DE LINDOIA";41
"375";5160;"SP";3400550;"AGUAS DE SANTA BARBARA";41
"376";5161;"SP";3400600;"AGUAS DE SAO PEDRO";41
"377";5162;"SP";3400709;"AGUDOS";41
"378";5163;"SP";3400758;"ALAMBARI";41
"379";5164;"SP";3400808;"ALFREDO MARCONDES";41
"380";5165;"SP";3400907;"ALTAIR";41
"381";5166;"SP";3401004;"ALTINOPOLIS";41
"382";5167;"SP";3401103;"ALTO ALEGRE";41
"383";5168;"SP";3401152;"ALUMINIO";41
"384";5169;"SP";3401202;"ALVARES FLORENCE";41
"385";5170;"SP";3401301;"ALVARES MACHADO";41
"386";5171;"SP";3401400;"ALVARO DE CARVALHO";41
"387";5172;"SP";3401509;"ALVINLANDIA";41
"388";5173;"SP";3401608;"AMERICANA";41
"389";5174;"SP";3439004;"PIRANGI";41
"390";5175;"SP";3439103;"PIRAPORA DO BOM JESUS";41
"391";5176;"SP";3439202;"PIRAPOZINHO";41
"392";5177;"SP";3439301;"PIRASSUNUNGA";41
"393";5178;"SP";3439400;"PIRATININGA";41
"394";5179;"SP";3428809;"MARACAI";41
"395";5180;"SP";3439608;"PLANALTO";41
"396";5181;"SP";3439707;"PLATINA";41
"397";5182;"SP";3439806;"POA";41
"398";5183;"SP";3439905;"POLONI";41
"399";5184;"SP";3440002;"POMPEIA";41
"400";5185;"SP";3440101;"PONGAI";41
"401";5186;"SP";3406607;"BIRITIBA-MIRIM";41
"402";5187;"SP";3406706;"BOA ESPERANCA DO SUL";41
"403";5188;"SP";3406805;"BOCAINA";41
"404";5189;"SP";3406904;"BOFETE";41
"405";5190;"SP";3407001;"BOITUVA";41
"406";5191;"SP";3407100;"BOM JESUS DOS PERDOES";41
"407";5192;"SP";3407159;"BOM SUCESSO DE ITARARE";41
"408";5193;"SP";3407209;"BORA";41
"409";5194;"SP";3407308;"BORACEIA";41
"410";5195;"SP";3407407;"BORBOREMA";41
"411";5196;"SP";3451009;"SAO VICENTE";41
"412";5197;"SP";3451108;"SARAPUI";41
"413";5198;"SP";3451207;"SARUTAIA";41
"414";5199;"SP";3451306;"SEBASTIANOPOLIS DO SUL";41
"415";5200;"SP";3451405;"SERRA AZUL";41
"416";5201;"SP";3451504;"SERRANA";41
"417";5202;"SP";3451603;"SERRA NEGRA";41
"418";5203;"SP";3451702;"SERTAOZINHO";41
"419";5204;"SP";3451801;"SETE BARRAS";41
"420";5205;"SP";3427405;"LUCELIA";41
"421";5206;"SP";3427504;"LUCIANOPOLIS";41
"422";5207;"SP";3427603;"LUIS ANTONIO";41
"423";5208;"SP";3427702;"LUIZIANIA";41
"424";5209;"SP";3427801;"LUPERCIO";41
"425";5210;"SP";3427900;"LUTECIA";41
"426";5211;"SP";3428007;"MACATUBA";41
"427";5212;"SP";3428106;"MACAUBAL";41
"428";5213;"SP";3428205;"MACEDONIA";41
"429";5214;"SP";3428304;"MAGDA";41
"430";5215;"SP";3428403;"MAIRINQUE";41
"431";5216;"SP";3428502;"MAIRIPORA";41
"432";5217;"SP";3428601;"MANDURI";41
"433";5218;"SP";3428700;"MARABA PAULISTA";41
"434";5219;"SP";3402101;"ANDRADINA";41
"435";5220;"SP";3428858;"MARAPOAMA";41
"436";5221;"SP";3428908;"MARIAPOLIS";41
"437";5222;"SP";3429005;"MARILIA";41
"438";5223;"SP";3416903;"GENERAL SALGADO";41
"439";5224;"SP";3406409;"BILAC";41
"440";5225;"SP";3406508;"BIRIGUI";41
"441";5226;"SP";3425607;"JOAO RAMALHO";41
"442";5227;"SP";3425706;"JOSE BONIFACIO";41
"443";5228;"SP";3425805;"JULIO MESQUITA";41
"444";5229;"SP";3425854;"JUMIRIM";41
"445";5230;"SP";3425904;"JUNDIAI";41
"446";5231;"SP";3426001;"JUNQUEIROPOLIS";41
"447";5232;"SP";3426100;"JUQUIA";41
"448";5233;"SP";3426209;"JUQUITIBA";41
"449";5234;"SP";3426308;"LAGOINHA";41
"450";5235;"SP";3426407;"LARANJAL PAULISTA";41
"451";5236;"SP";3407456;"BOREBI";41
"452";5237;"SP";3407506;"BOTUCATU";41
"453";5238;"SP";3418404;"GUARATINGUETA";41
"454";5239;"SP";3418503;"GUAREI";41
"455";5240;"SP";3418602;"GUARIBA";41
"456";5241;"SP";3418701;"GUARUJA";41
"457";5242;"SP";3418800;"GUARULHOS";41
"458";5243;"SP";3418859;"GUATAPARA";41
"459";5244;"SP";3418909;"GUZOLANDIA";41
"460";5245;"SP";3408207;"BURITIZAL";41
"461";5246;"SP";3408306;"CABRALIA PAULISTA";41
"462";5247;"SP";3431308;"MONTE ALTO";41
"463";5248;"SP";3431407;"MONTE APRAZIVEL";41
"464";5249;"SP";3431506;"MONTE AZUL PAULISTA";41
"465";5250;"SP";3431605;"MONTE CASTELO";41
"466";5251;"SP";3431704;"MONTEIRO LOBATO";41
"467";5252;"SP";3431803;"MONTE MOR";41
"468";5253;"SP";3431902;"MORRO AGUDO";41
"469";5254;"SP";3432009;"MORUNGABA";41
"470";5255;"SP";3432058;"MOTUCA";41
"471";5256;"SP";3432108;"MURUTINGA DO SUL";41
"472";5257;"SP";3432157;"NANTES";41
"473";5258;"SP";3432207;"NARANDIBA";41
"474";5259;"SP";3405906;"BATATAIS";41
"475";5260;"SP";3402200;"ANGATUBA";41
"476";5261;"SP";3425102;"JARDINOPOLIS";41
"477";5262;"SP";3425201;"JARINU";41
"478";5263;"SP";3425300;"JAU";41
"479";5264;"SP";3425409;"JERIQUARA";41
"480";5265;"SP";3425508;"JOANOPOLIS";41
"481";5266;"SP";3429203;"MARTINOPOLIS";41
"482";5267;"SP";3429302;"MATAO";41
"483";5268;"SP";3429401;"MAUA";41
"484";5269;"SP";3429500;"MENDONCA";41
"485";5270;"SP";3429609;"MERIDIANO";41
"486";5271;"SP";3429658;"MESOPOLIS";41
"487";5272;"SP";3429708;"MIGUELOPOLIS";41
"488";5273;"SP";3429807;"MINEIROS DO TIETE";41
"489";5274;"SP";3429906;"MIRACATU";41
"490";5275;"SP";3430003;"MIRA ESTRELA";41
"491";5276;"SP";3426506;"LAVINIA";41
"492";5277;"SP";3433601;"NUPORANGA";41
"493";5278;"SP";3433700;"OCAUCU";41
"494";5279;"SP";3433809;"OLEO";41
"495";5280;"SP";3433908;"OLIMPIA";41
"496";5281;"SP";3434005;"ONDA VERDE";41
"497";5282;"SP";3434104;"ORIENTE";41
"498";5283;"SP";3434203;"ORINDIUVA";41
"499";5284;"SP";3434302;"ORLANDIA";41
"500";5285;"SP";3434401;"OSASCO";41
"501";5286;"SP";3434500;"OSCAR BRESSANE";41
"502";5287;"SP";3434609;"OSVALDO CRUZ";41
"503";5288;"SP";3434708;"OURINHOS";41
"504";5289;"SP";3434757;"OUROESTE";41
"505";5290;"SP";3434807;"OURO VERDE";41
"506";5291;"SP";3434906;"PACAEMBU";41
"507";5292;"SP";3435002;"PALESTINA";41
"508";5293;"SP";3435101;"PALMARES PAULISTA";41
"509";5294;"SP";3435200;"PALMEIRA D'OESTE";41
"510";5295;"SP";3401707;"AMERICO BRASILIENSE";41
"511";5296;"SP";3401806;"AMERICO DE CAMPOS";41
"512";5297;"SP";3401905;"AMPARO";41
"513";5298;"SP";3402002;"ANALANDIA";41
"514";5299;"SP";3449003;"SAO FRANCISCO";41
"515";5300;"SP";3406003;"BAURU";41
"516";5301;"SP";3406102;"BEBEDOURO";41
"517";5302;"SP";3406201;"BENTO DE ABREU";41
"518";5303;"SP";3406300;"BERNARDINO DE CAMPOS";41
"519";5304;"SP";3406359;"BERTIOGA";41
"520";5305;"SP";3429104;"MARINOPOLIS";41
"521";5306;"SP";3402705;"APIAI";41
"522";5307;"SP";3402754;"ARACARIGUAMA";41
"523";5308;"SP";3402804;"ARACATUBA";41
"524";5309;"SP";3402903;"ARACOIABA DA SERRA";41
"525";5310;"SP";3403000;"ARAMINA";41
"526";5311;"SP";3403109;"ARANDU";41
"527";5312;"SP";3403356;"ARCO-IRIS";41
"528";5313;"SP";3403406;"AREALVA";41
"529";5314;"SP";3403505;"AREIAS";41
"530";5315;"SP";3403604;"AREIOPOLIS";41
"531";5316;"SP";3430102;"MIRANDOPOLIS";41
"532";5317;"SP";3426605;"LAVRINHAS";41
"533";5318;"SP";3426704;"LEME";41
"534";5319;"SP";3426803;"LENCOIS PAULISTA";41
"535";5320;"SP";3426902;"LIMEIRA";41
"536";5321;"SP";3427009;"LINDOIA";41
"537";5322;"SP";3427108;"LINS";41
"538";5323;"SP";3427207;"LORENA";41
"539";5324;"SP";3427256;"LOURDES";41
"540";5325;"SP";3427306;"LOUVEIRA";41
"541";5326;"SP";3404701;"BALBINOS";41
"542";5327;"SP";3404800;"BALSAMO";41
"543";5328;"SP";3404909;"BANANAL";41
"544";5329;"SP";3405005;"BARAO DE ANTONINA";41
"545";5330;"SP";3405104;"BARBOSA";41
"546";5331;"SP";3405203;"BARIRI";41
"547";5332;"SP";3405302;"BARRA BONITA";41
"548";5333;"SP";3405351;"BARRA DO CHAPEU";41
"549";5334;"SP";3405401;"BARRA DO TURVO";41
"550";5335;"SP";3405500;"BARRETOS";41
"551";5336;"SP";3405609;"BARRINHA";41
"552";5337;"SP";3405708;"BARUERI";41
"553";5338;"SP";3405807;"BASTOS";41
"554";5339;"SP";3435408;"PANORAMA";41
"555";5340;"SP";3449102;"SAO JOAO DA BOA VISTA";41
"556";5341;"SP";3449201;"SAO JOAO DAS DUAS PONTES";41
"557";5342;"SP";3402309;"ANHEMBI";41
"558";5343;"SP";3402408;"ANHUMAS";41
"559";5344;"SP";3402507;"APARECIDA";41
"560";5345;"SP";3402606;"APARECIDA D'OESTE";41
"561";5346;"SP";3449508;"SAO JOSE DA BELA VISTA";41
"562";5347;"SP";3449607;"SAO JOSE DO BARREIRO";41
"563";5348;"SP";3449706;"SAO JOSE DO RIO PARDO";41
"564";5349;"SP";3449805;"SAO JOSE DO RIO PRETO";41
"565";5350;"SP";3449904;"SAO JOSE DOS CAMPOS";41
"566";5351;"SP";3449953;"SAO LOURENCO DA SERRA";41
"567";5352;"SP";3450001;"SAO LUIS DO PARAITINGA";41
"568";5353;"SP";3450100;"SAO MANUEL";41
"569";5354;"SP";3450209;"SAO MIGUEL ARCANJO";41
"570";5355;"SP";3450308;"SAO PAULO";41
"571";5356;"SP";3403703;"ARIRANHA";41
"572";5357;"SP";3430201;"MIRANTE DO PARANAPANEMA";41
"573";5358;"SP";3430300;"MIRASSOL";41
"574";5359;"SP";3407605;"BRAGANCA PAULISTA";41
"575";5360;"SP";3407704;"BRAUNA";41
"576";5361;"SP";3407753;"BREJO ALEGRE";41
"577";5362;"SP";3407803;"BRODOWSKI";41
"578";5363;"SP";3407902;"BROTAS";41
"579";5364;"SP";3408009;"BURI";41
"580";5365;"SP";3408108;"BURITAMA";41
"581";5366;"SP";3431100;"MONGAGUA";41
"582";5367;"SP";3431209;"MONTE ALEGRE DO SUL";41
"583";5368;"SP";3448005;"SANTO ANTONIO DE POSSE";41
"584";5369;"SP";3448054;"SANTO ANTONIO DO ARACANGUA";41
"585";5370;"SP";3448104;"SANTO ANTONIO DO JARDIM";41
"586";5371;"SP";3448203;"SANTO ANTONIO DO PINHAL";41
"587";5372;"SP";3448302;"SANTO EXPEDITO";41
"588";5373;"SP";3448401;"SANTOPOLIS DO AGUAPEI";41
"589";5374;"SP";3448500;"SANTOS";41
"590";5375;"SP";3448609;"SAO BENTO DO SAPUCAI";41
"591";5376;"SP";3448708;"SAO BERNARDO DO CAMPO";41
"592";5377;"SP";3448807;"SAO CAETANO DO SUL";41
"593";5378;"SP";3448906;"SAO CARLOS";41
"594";5379;"SP";3436505;"PAULINIA";41
"595";5380;"SP";3435507;"PARAGUACU PAULISTA";41
"596";5381;"SP";3435606;"PARAIBUNA";41
"597";5382;"SP";3435705;"PARAISO";41
"598";5383;"SP";3449250;"SAO JOAO DE IRACEMA";41
"599";5384;"SP";3449300;"SAO JOAO DO PAU D'ALHO";41
"600";5385;"SP";3449409;"SAO JOAQUIM DA BARRA";41
"601";5386;"SP";3436000;"PARAPUA";41
"602";5387;"SP";3436109;"PARDINHO";41
"603";5388;"SP";3436208;"PARIQUERA-ACU";41
"604";5389;"SP";3436257;"PARISI";41
"605";5390;"SP";3436307;"PATROCINIO PAULISTA";41
"606";5391;"SP";3436406;"PAULICEIA";41
"607";5392;"SP";3447700;"SANTO ANASTACIO";41
"608";5393;"SP";3436570;"PAULISTANIA";41
"609";5394;"SP";3436604;"PAULO DE FARIA";41
"610";5395;"SP";3436703;"PEDERNEIRAS";41
"611";5396;"SP";3450407;"SAO PEDRO";41
"612";5397;"SP";3403802;"ARTUR NOGUEIRA";41
"613";5398;"SP";3403901;"ARUJA";41
"614";5399;"SP";3403950;"ASPASIA";41
"615";5400;"SP";3404008;"ASSIS";41
"616";5401;"SP";3447403;"SANTA RITA D'OESTE";41
"617";5402;"SP";3447502;"SANTA RITA DO PASSA QUATRO";41
"618";5403;"SP";3447601;"SANTA ROSA DE VITERBO";41
"619";5404;"SP";3447650;"SANTA SALETE";41
"620";5405;"SP";3435309;"PALMITAL";41
"621";5406;"SP";3447809;"SANTO ANDRE";41
"622";5407;"SP";3447908;"SANTO ANTONIO DA ALEGRIA";41
"623";5408;"SP";3431001;"MONCOES";41
"624";5409;"SP";3437156;"PEDRINHAS PAULISTA";41
"625";5410;"SP";3436802;"PEDRA BELA";41
"626";5411;"SP";3435804;"PARANAPANEMA";41
"627";5412;"SP";3435903;"PARANAPUA";41
"628";5413;"SP";3404305;"AVAI";41
"629";5414;"SP";3430409;"MIRASSOLANDIA";41
"630";5415;"SP";3404107;"ATIBAIA";41
"631";5416;"SP";3404206;"AURIFLAMA";41
"632";5417;"SP";3437107;"PEDREIRA";41
"633";5418;"SP";3404404;"AVANHANDAVA";41
"634";5419;"SP";3404503;"AVARE";41
"635";5420;"SP";3404602;"BADY BASSITT";41
"636";5421;"SP";3430508;"MOCOCA";41
"637";5422;"SP";3437008;"PEDREGULHO";41
"638";5423;"SP";3430706;"MOGI GUACU";41
"639";5424;"SP";3450506;"SAO PEDRO DO TURVO";41
"640";5425;"SP";3430904;"MOMBUCA";41
"641";5426;"SP";3430607;"MOGI DAS CRUZES";41
"642";5427;"SP";3437305;"PENAPOLIS";41
"643";5428;"SP";3437206;"PEDRO DE TOLEDO";41
"644";5429;"SP";3436901;"PEDRANOPOLIS";41
"645";5430;"SP";3430805;"MOGI-MIRIM";41
